{"cameraMode":{"drawMode":0,"name":"Shaded","section":"Shading Mode"},"sceneLighting":true,"audioPlay":false,"sceneViewState":{"showFog":true,"showMaterialUpdate":true,"showSkybox":true,"showFlares":true,"showImageEffects":true,"showParticleSystems":true},"in2DMode":false,"pivot":{"x":0.0,"y":0.04128072410821915,"z":0.2657041549682617},"rotation":{"x":-0.5319046378135681,"y":-0.0666637122631073,"z":0.04205621778964996,"w":-0.8431282043457031},"size":1.9957468509674073,"orthographic":false}