{"cameraMode":{"drawMode":0,"name":"Shaded","section":"Shading Mode"},"sceneLighting":true,"audioPlay":false,"sceneViewState":{"showFog":true,"showMaterialUpdate":true,"showSkybox":true,"showFlares":true,"showImageEffects":true,"showParticleSystems":true},"in2DMode":false,"pivot":{"x":4.942535877227783,"y":-11.531875610351563,"z":4.783239841461182},"rotation":{"x":-0.5200081467628479,"y":-0.18943871557712556,"z":0.11951133608818054,"w":-0.8242709636688232},"size":8.191144943237305,"orthographic":false}